,precision,recall,f1-score,support
Bulutlu,0.9565217391304348,0.9506172839506173,0.9535603715170279,162.0
Güneşli,0.625,0.8333333333333334,0.7142857142857143,6.0
Karlı,0.9772727272727273,0.9717514124293786,0.9745042492917847,177.0
Parçalı Bulutlu,0.0,0.0,0.0,1.0
Rüzgarlı,0.9,0.9473684210526315,0.9230769230769231,19.0
accuracy,0.9561643835616438,0.9561643835616438,0.9561643835616438,0.9561643835616438
macro avg,0.6917588932806324,0.7406140901531921,0.71308545163429,365.0
weighted avg,0.9555720396339812,0.9561643835616438,0.9555841318755623,365.0
