,precision,recall,f1-score,support
Bulutlu,0.9570552147239264,0.9629629629629629,0.96,162.0
Güneşli,0.8571428571428571,1.0,0.9230769230769231,6.0
Karlı,0.9715909090909091,0.9661016949152542,0.9688385269121813,177.0
Parçalı Bulutlu,0.0,0.0,0.0,1.0
Rüzgarlı,0.9473684210526315,0.9473684210526315,0.9473684210526315,19.0
accuracy,0.9616438356164384,0.9616438356164384,0.9616438356164384,0.9616438356164384
macro avg,0.7466314804020648,0.7752866157861698,0.7598567742083472,365.0
weighted avg,0.9593353228417101,0.9616438356164384,0.960391454251829,365.0
