,precision,recall,f1-score,support
Bulutlu,0.8727272727272727,0.8888888888888888,0.8807339449541285,162.0
Güneşli,1.0,0.5,0.6666666666666666,6.0
Karlı,0.9021739130434783,0.9378531073446328,0.9196675900277008,177.0
Parçalı Bulutlu,0.0,0.0,0.0,1.0
Rüzgarlı,0.7692307692307693,0.5263157894736842,0.625,19.0
accuracy,0.8849315068493151,0.8849315068493151,0.8849315068493151,0.8849315068493151
macro avg,0.708826391000304,0.5706115571414412,0.6184136403296991,365.0
weighted avg,0.8813205079613656,0.8849315068493151,0.8803700342944436,365.0
