,precision,recall,f1-score,support
Bulutlu,0.9415584415584416,0.8950617283950617,0.9177215189873418,162.0
Güneşli,1.0,0.6666666666666666,0.8,6.0
Karlı,0.9139784946236559,0.96045197740113,0.9366391184573003,177.0
Parçalı Bulutlu,1.0,1.0,1.0,1.0
Rüzgarlı,0.8,0.8421052631578947,0.8205128205128205,19.0
accuracy,0.9205479452054794,0.9205479452054794,0.9205479452054794,0.9205479452054794
macro avg,0.9311073872364195,0.8728571271241506,0.8949746915914926,365.0
weighted avg,0.921936057755766,0.9205479452054794,0.9201253524181785,365.0
