,precision,recall,f1-score,support
Bulutlu,0.9407894736842105,0.8827160493827161,0.910828025477707,162.0
Güneşli,1.0,0.6666666666666666,0.8,6.0
Karlı,0.9090909090909091,0.96045197740113,0.9340659340659341,177.0
Parçalı Bulutlu,1.0,1.0,1.0,1.0
Rüzgarlı,0.7619047619047619,0.8421052631578947,0.8,19.0
accuracy,0.915068493150685,0.915068493150685,0.915068493150685,0.915068493150685
macro avg,0.9223570289359764,0.8703879913216814,0.8889787919087283,365.0
weighted avg,0.9172415784167767,0.915068493150685,0.9147501656357777,365.0
